,Pointing,SCA,BAND,zeropoint,RA,DEC,date,true mag,true flux,DETECTED,mag,flux,Residual Mean,Residual Mean Central,SNID
0,281,12,F184,14.621993990853726,7.917482225130987,-44.560905545925664,62001.54042,,,False,,,619.2848525998693,-1063.297716348368,50106142
1,2984,6,F184,14.621993990863952,7.937009169465789,-44.55693764617319,62036.6416,,,False,,,819.4226976886512,-1171.9718080822277,50106142
2,2983,16,F184,14.621993990650314,7.982331055232972,-44.46683873727784,62036.6303,,,False,,,751.9984715093196,-975.7057556595234,50106142
3,2593,18,F184,14.621993990674849,7.952364305469545,-44.479356240628704,62031.5629,,,False,,,447.7371303631535,-1026.649169900394,50106142
4,1823,4,F184,14.621993990584564,7.983870048604368,-44.47561316016975,62021.5629,,,False,,,915.7413236817392,-577.2460538775476,50106142
5,3374,6,F184,14.621993990856623,8.081398539922995,-44.55964098593584,62041.709,,,False,,,795.4945778324964,-1212.5043566137283,50106142
6,1442,16,F184,14.621993990697574,8.02361682040672,-44.47631033368036,62016.6191,,,False,,,737.875092677521,-593.254976665789,50106142
7,1437,14,F184,14.621993990635607,8.007927729107736,-44.54511119693893,62016.5517,,,False,,,926.4682483644827,-385.6018983012745,50106142
8,1052,10,F184,14.621993990679387,7.987925150894068,-44.49568831157712,62011.5517,,,False,,,499.6518405533152,-403.0225011267701,50106142
9,1818,6,F184,14.621993990699412,7.939742919805496,-44.49994620821581,62021.4955,,,False,,,526.6209714108118,-698.7421420074824,50106142
10,44948,13,F184,14.62199399073996,8.057586840750547,-44.47778559105557,62581.63,1.86742483,126423.458,True,1.857758688832224,127553.54245441692,1.3065974264459916,-7.774701833166444,50106142
11,42241,9,F184,14.62199399080446,8.031278967441704,-44.46123824815755,62546.473,3.73665108,22601.4949,True,3.690156856535662,23590.28878332832,1.6328319010965315,-7.800540737159153,50106142
12,42246,2,F184,14.62199399080471,8.030991771887315,-44.55528569269289,62546.54,3.70533088,23262.9744,True,3.68400817452946,23724.26301873908,1.5456166935597568,-10.584217371252723,50106142
13,42251,15,F184,14.621993990678414,8.013755461458723,-44.507427769770366,62546.608,3.67444098,23934.3261,True,3.653865051443329,24392.14423493201,1.2914610811189733,-8.174253639971896,50106142
14,43012,4,F184,14.621993990720323,7.947904154020404,-44.57084898630514,62556.484,1.8229046,131715.157,True,1.819382968556516,132142.58934053234,1.3466882289755733,-13.094432276543708,50106142
15,43397,3,F184,14.621993990738009,8.026682449857464,-44.56976629756778,62561.484,1.78024113,136993.873,True,1.778370771280331,137229.5665175944,0.9357366991765622,-1.4020372850040337,50106142
16,43783,8,F184,14.621993990906164,7.897264599865685,-44.54128254796577,62566.495,1.69351939,148384.945,True,1.681787984784675,149996.3897156681,0.8872301790848854,15.773030295182592,50106142
17,43787,18,F184,14.62199399072476,7.989096645663551,-44.51262498641293,62566.552,1.69232648,148548.067,True,1.69352689647911,148383.3737919226,0.9518931335025118,0.4124229502793007,50106142
18,43792,16,F184,14.621993991042112,8.081189174363514,-44.52759278987982,62566.619,1.69092595,148739.808,True,1.6905302359715328,148793.48150353928,1.811279965987138,-11.174837582067584,50106142
19,44949,9,F184,14.621993990620684,7.918427394735894,-44.515803417370186,62581.642,1.86761027,126401.867,True,1.8648716161855,126720.6387976842,0.9233104453787222,-28.659500195599183,50106142
20,276,18,F184,14.621993991041473,7.15785237355091,-44.65304925259423,62001.47298,,,False,,,652.9685470850759,104.0708862373695,50129236
21,6104,12,F184,14.621993991028647,7.270772415968643,-44.56612126931714,62077.1811,,,False,,,750.4075951646446,504.236812827382,50129236
22,6099,1,F184,14.62199399110391,7.221466325873363,-44.6034741707487,62077.1137,,,False,,,863.5823953589711,239.1400234136977,50129236
23,5709,4,F184,14.621993991093303,7.267246360978047,-44.557418875003776,62072.0462,,,False,,,707.9188133723128,73.09421194410606,50129236
24,5319,7,F184,14.621993990892925,7.2842453469553,-44.607137411560686,62066.9788,,,False,,,805.8593400046457,548.020194696865,50129236
25,6873,5,F184,14.621993991174444,7.211409129777596,-44.53874794863292,62087.1699,,,False,,,796.9252502627664,-312.51950909502625,50129236
26,2589,11,F184,14.621993990944588,7.206074249296618,-44.63562845676333,62031.5067,,,False,,,608.2273804606302,254.971835290094,50129236
27,2204,7,F184,14.621993991086129,7.201723748521502,-44.67258373855769,62026.5067,,,False,,,718.3698650618271,166.73339900333502,50129236
28,1047,16,F184,14.621993991183931,7.231126337195282,-44.61749197668719,62011.4842,,,False,,,827.9274040751179,319.4948962967989,50129236
29,2979,13,F184,14.621993990999648,7.234992689549811,-44.62802716906788,62036.5741,,,False,,,822.4494394849521,-511.44924970883767,50129236
30,51146,5,F184,14.621993991053111,7.258679551537547,-44.59775598432711,62662.147,3.52627646,27433.8661,True,3.537206553062296,27158.97521608799,1.274165806083563,0.6329952058037822,50129236
31,42241,14,F184,14.621993991109065,7.279647639339871,-44.57257432339027,62546.473,6.6684748,1518.4751,True,6.628255205667735,1575.773953973583,1.251732737752408,2.220735828312909,50129236
32,44168,13,F184,14.62199399098125,7.31641301106216,-44.60673191509729,62571.495,3.88789702,19662.5024,True,3.9032789941269854,19385.8301065166,1.2731216838476058,-10.09167250058887,50129236
33,44554,2,F184,14.621993991076232,7.247257066961885,-44.533556171927735,62576.507,3.71840898,22984.4441,True,3.722626324030486,22895.254233720785,1.0979933051909452,-1.851028978507876,50129236
34,44939,18,F184,14.62199399088794,7.173008847666901,-44.58120080895103,62581.507,3.57681284,26186.1989,True,3.606931056612412,25469.68520865128,1.2211823091714804,5.776243046270559,50129236
35,44944,10,F184,14.621993991085104,7.272301959424355,-44.56839001767974,62581.574,3.57454304,26241.0,True,3.5640454720536123,26495.84723766724,1.480775436014236,8.569327502629902,50129236
36,47674,8,F184,14.621993991002482,7.199685595092344,-44.558097796433024,62617.046,3.0425258,42833.8661,True,3.081874743646262,41309.13513853525,1.431214162289295,-3.0662195863526565,50129236
37,48064,5,F184,14.6219939910039,7.128117839798941,-44.59824514685749,62622.114,3.07541118,41555.9414,True,3.0882383281080106,41067.72722637114,1.3982919115196557,-2.1096985980583125,50129236
38,49223,4,F184,14.62199399109612,7.213697739152121,-44.55053462603117,62637.17,3.2011742,37010.7525,True,3.219957244778742,36375.84595873607,1.1296514448979316,-10.66992126168686,50129236
39,51530,13,F184,14.621993991019696,7.295661134881736,-44.60882049207417,62667.136,3.57755919,26168.2043,True,3.585824391602765,25969.658777914232,1.1241142740931886,2.6962982847165,50129236
40,2589,10,F184,14.62199399113461,7.029281330060801,-44.71063457092921,62031.5067,,,False,,,807.9696780497115,125.04968829183996,30597443
41,14136,17,F184,14.621993991104898,7.097211625412694,-44.648275154200256,62181.473,,,False,,,812.553334399219,-10.480758071109053,30597443
42,12985,17,F184,14.621993991127866,6.946770714389329,-44.66985014296616,62166.529,,,False,,,774.4060678763951,-296.0837145258311,30597443
43,9945,6,F184,14.621993991135149,7.015160361027236,-44.65020813080159,62127.069,,,False,,,738.7429588215177,272.10869856562863,30597443
44,9565,1,F184,14.621993990935133,7.090122601638757,-44.62047255792843,62122.136,,,False,,,706.8733659311545,145.14408864268717,30597443
45,16449,1,F184,14.621993990965832,7.080696585987885,-44.61932078467006,62211.507,,,False,,,664.0767525878553,-13.557489557297856,30597443
46,7258,7,F184,14.621993991084718,7.0825131378296655,-44.64123576793625,62092.1699,,,False,,,708.9058369410758,382.7452560843216,30597443
47,6873,9,F184,14.621993991191347,7.0431935459741615,-44.6301836578434,62087.1699,,,False,,,717.82497486548,-50.23373644883253,30597443
48,6099,4,F184,14.621993991084484,7.039488292255958,-44.652209584727466,62077.1137,,,False,,,723.8843120234355,537.0992745074632,30597443
49,9181,9,F184,14.621993991223947,7.136028805626186,-44.68906757362209,62117.147,,,False,,,666.504613368236,257.2942685924367,30597443
50,51910,3,F184,14.62199399108389,7.004725749257508,-44.62407880205059,62672.069,5.0433842,6783.34515,True,5.073928852415859,6595.146681143102,1.125567464369272,-1.1211071758886415,30597443
51,41090,17,F184,14.621993991127866,6.946770714389329,-44.66985014296616,62531.529,5.09493195,6468.81629,True,5.0857291138407135,6523.855821246157,1.3855816978392337,-0.5159218591811542,30597443
52,42241,17,F184,14.621993991104898,7.097211625412694,-44.648275154200256,62546.473,3.74848224,22356.5455,True,3.749057948868988,22344.612135750915,1.3936152757736673,7.863111257722881,30597443
53,44554,1,F184,14.621993990965832,7.080696585987885,-44.61932078467006,62576.507,4.27377496,13781.2183,True,4.295960329315438,13502.42794202094,1.133264498436086,7.243851405159785,30597443
54,44939,17,F184,14.621993991060249,7.010499855862544,-44.63873274185005,62581.507,4.57611855,10431.582,True,4.606905633285294,10139.901743924967,1.3602444122738746,6.037111309857315,30597443
55,48064,9,F184,14.621993991105162,7.028963937970935,-44.731439278739145,62622.114,4.3041445,13401.0799,True,4.330331010428798,13081.682243449706,1.1273661084837856,-0.3809462609891428,30597443
56,48454,2,F184,14.62199399103906,7.039450878184763,-44.73996873262991,62627.181,4.36235358,12701.5336,True,4.406499600531337,12195.403099290896,1.0270145787061815,-2.996181274187526,30597443
57,49223,8,F184,14.621993991139853,7.0389936196778615,-44.64852500610809,62637.17,4.50130341,11175.7385,True,4.503323064817735,11154.92806724053,1.030642306705043,0.50435647440693,30597443
58,51530,14,F184,14.621993991114024,7.1340772840342765,-44.69996692962852,62667.136,4.97968735,7193.20862,True,4.941739775582777,7449.036284926205,1.1646486479434737,3.8531360402690096,30597443
59,51915,4,F184,14.621993991205748,7.111069183852868,-44.6914862384993,62672.136,5.04413683,6778.64461,True,5.039307436843677,6808.838375623892,1.203415839024471,1.3972344060920447,30597443
60,1047,11,F184,14.621993990657442,7.703002858123528,-44.48492497001504,62011.4842,,,False,,,770.7921491019076,-101.31390439185252,50134575
61,3369,18,F184,14.621993990709962,7.770884944301203,-44.40839301210492,62041.6416,,,False,,,872.5262614987196,269.82171827942204,50134575
62,2989,7,F184,14.621993990722071,7.69071081311458,-44.455444546261326,62036.709,,,False,,,740.7268771385902,-147.00168182367986,50134575
63,2984,2,F184,14.621993990638988,7.733107587595517,-44.46802290962879,62036.6416,,,False,,,763.8442008744282,540.6131434487188,50134575
64,2594,6,F184,14.621993990560668,7.71799347917342,-44.491620967409,62031.5741,,,False,,,922.6472964966144,474.8555113710263,50134575
65,3374,1,F184,14.621993990695366,7.7007177017278,-44.47549656254536,62041.709,,,False,,,776.6095874469775,574.1834300736618,50134575
66,1818,2,F184,14.621993990476922,7.700926038354517,-44.49444465481915,62021.4955,,,False,,,647.6865267101507,94.82804373855026,50134575
67,1433,7,F184,14.621993990844016,7.790187120795253,-44.469740441586254,62016.4955,,,False,,,796.1711566640042,158.35376565902413,50134575
68,1052,13,F184,14.621993990964388,7.796262400507473,-44.47509109871683,62011.5517,,,False,,,772.8094207146166,554.0560716950549,50134575
69,2208,13,F184,14.62199399075609,7.642726241938062,-44.46777513538792,62026.5629,,,False,,,728.146348447201,-89.63519011692472,50134575
70,53435,6,F184,14.621993990709704,7.743344940492101,-44.45792824491742,62691.866,3.54843116,26879.7443,True,3.5668665000187527,26427.09342299509,1.345176443671083,-16.727969582405173,50134575
71,51141,2,F184,14.621993990647583,7.655856082310974,-44.45725884617416,62662.08,5.16859657,6044.4803,True,5.179580860027297,5983.615189749548,1.3922133788621085,9.876255490561592,50134575
72,51905,13,F184,14.621993990933492,7.739363608564331,-44.38725536927093,62672.001,4.05832273,16806.1604,True,4.046959981953629,16982.906055440904,1.125268755120788,3.988607330835124,50134575
73,52285,14,F184,14.621993990827049,7.695203441600884,-44.43552976512713,62676.934,3.70806388,23204.491,True,3.731811350825616,22702.383706478355,1.2153470154292805,-1.3495372045645684,50134575
74,52665,18,F184,14.621993990658847,7.70223128471895,-44.5048901420526,62681.866,3.58267388,26045.2208,True,3.568038899757992,26398.57231885778,1.1867261437357708,-5.633665486750659,50134575
75,52670,1,F184,14.62199399067942,7.814689058572451,-44.44539455858299,62681.934,3.58124849,26079.4363,True,3.603210458672905,25557.114373659555,1.3679703141969184,6.683946964354653,50134575
76,53050,11,F184,14.62199399057783,7.7284597096030385,-44.49403653841468,62686.866,3.52149717,27554.8931,True,3.561778053827034,26551.23817152482,1.0695221676215645,3.488558877804902,50134575
77,53055,9,F184,14.62199399068138,7.696401286114845,-44.46166359632246,62686.934,3.52108292,27565.4082,True,3.5540150793403864,26741.75885784332,1.1184013765437677,-6.122037391470845,50134575
78,53430,14,F184,14.621993990578805,7.740213959887281,-44.5131217442252,62691.799,3.54751395,26902.4613,True,3.5478040317575434,26895.17579436896,1.200419254893867,17.13111577476955,50134575
79,53815,3,F184,14.621993990803889,7.708820342036675,-44.44717401696902,62696.799,3.62493299,25050.9615,True,3.620363212516777,25156.52878854512,1.1333878529789445,3.6183477339113175,50134575
80,276,6,F184,14.621993990792497,7.922103653698726,-44.58768630626399,62001.47298,,,False,,,664.0584881269406,156.71610965392,50022453
81,3369,11,F184,14.6219939907791,7.79349551428683,-44.68328568393184,62041.6416,,,False,,,805.2403121710917,19.331400995218587,50022453
82,2984,5,F184,14.621993990967685,7.766601424642385,-44.604364710522674,62036.6416,,,False,,,718.2921962117241,74.15204278669455,50022453
83,2208,1,F184,14.621993990837131,7.919516142881567,-44.65618771063989,62026.5629,,,False,,,783.3857100472135,-91.07885451223706,50022453
84,2203,12,F184,14.621993990843732,7.844878146997986,-44.65771237847385,62026.4955,,,False,,,766.646194647897,136.14445606131136,50022453
85,3374,5,F184,14.621993990873678,7.902111549048101,-44.58551683511203,62041.709,,,False,,,822.1059543407539,-198.22864226237704,50022453
86,1432,15,F184,14.62199399084544,7.7706231761789,-44.61761320181311,62016.4842,,,False,,,717.260895428456,-142.37273924042785,50022453
87,1047,1,F184,14.621993990978789,7.813150873273256,-44.66854967750802,62011.4842,,,False,,,645.7067970285614,177.90189637074965,50022453
88,286,18,F184,14.621993990815769,7.910412373550909,-44.65304925259423,62001.60787,,,False,,,748.8426180795675,-120.382073009769,50022453
89,1818,5,F184,14.621993990949411,7.824593145193432,-44.60117620521591,62021.4955,,,False,,,756.9001096713662,141.7177459811678,50022453
90,53810,16,F184,14.621993991136664,7.854374854022226,-44.60791045741591,62696.732,3.45072425,29410.8718,True,3.4634870732474816,29067.064257185648,1.126283309688362,-1.6670573618793676,50022453
91,51526,1,F184,14.621993990846567,7.907191246523874,-44.62452222659422,62667.08,5.17123712,6029.79778,True,5.191170673817332,5920.082112137435,1.0970989959997612,6.487004219923401,50022453
92,51911,8,F184,14.621993990729068,7.819942782780941,-44.669251828713165,62672.08,4.35624265,12773.2243,True,4.389426789820334,12388.687097900534,1.14998796528294,-10.05129267646124,50022453
93,52670,10,F184,14.62199399097292,7.8433780144693666,-44.57964348384485,62681.934,3.55954349,26606.0377,True,3.557513504923921,26655.731062881896,1.2496935081381926,2.7051533147907336,50022453
94,52675,4,F184,14.621993990809624,7.767412545335528,-44.6792637577323,62682.001,3.56041518,26584.6854,True,3.5622538859329005,26539.604439994568,1.1285055322899071,-2.2325621787376315,50022453
95,53050,14,F184,14.62199399100008,7.761632510172634,-44.63042106505874,62686.866,3.51189748,27799.6038,True,3.527640212807494,27399.32822063282,1.155426712734804,2.099020716082148,50022453
96,53055,5,F184,14.62199399092137,7.782112700861939,-44.59943339684312,62686.934,3.50908057,27871.8225,True,3.5195289872327287,27604.7872960144,1.1780286380147795,1.2194438549126123,50022453
97,53430,17,F184,14.621993990837945,7.792630695710073,-44.65874020168709,62691.799,3.36092698,31946.759,True,3.378119828147458,31444.744388709856,1.293583693360382,-4.738902778824029,50022453
98,53435,2,F184,14.62199399115388,7.848794343882816,-44.610890154485325,62691.866,3.36169817,31924.0755,True,3.3666185185630297,31779.61214704715,1.3772714620193298,-3.672631652971865,50022453
99,53815,11,F184,14.62199399099186,7.811343182968353,-44.62044604250772,62696.799,3.45261525,29359.6922,True,3.459514439623181,29173.613442610487,1.1694347966989007,4.330096755174883,50022453
100,662,16,F184,14.621993990996478,7.163463889390818,-44.368964858442936,62006.48422,,,False,,,847.6299579978722,411.2632972529731,40018655
101,7642,5,F184,14.621993990855923,7.321179896501238,-44.319013094353096,62097.1586,,,False,,,730.8429093072955,287.7965472004725,40018655
102,6488,6,F184,14.621993990792022,7.274751541743491,-44.33401792963315,62082.1699,,,False,,,691.1540761760552,-69.85633129153507,40018655
103,6104,14,F184,14.62199399085872,7.31375151802775,-44.36064132583118,62077.1811,,,False,,,781.360651079658,497.89024636588726,40018655
104,5714,2,F184,14.621993990905274,7.291614377882495,-44.34471286567087,62072.1137,,,False,,,825.4670715852608,458.4680067635397,40018655
105,8027,7,F184,14.621993990820208,7.2918007617284974,-44.356894344612186,62102.159,,,False,,,739.0841999497279,460.6776140772398,40018655
106,2594,10,F184,14.621993990966011,7.2225884516441266,-44.38753498162629,62031.5741,,,False,,,722.9263637648346,524.5473771326003,40018655
107,2204,2,F184,14.62199399096004,7.207050925033169,-44.31113755580704,62026.5067,,,False,,,708.0300231468491,701.3610292130124,40018655
108,1818,17,F184,14.621993990990552,7.179692351685009,-44.30616452437326,62021.4955,,,False,,,826.6112491400163,554.7716493417779,40018655
109,4934,7,F184,14.621993990805093,7.291659859866023,-44.34675002694527,62061.9788,,,False,,,795.3156768267149,565.4595683574123,40018655
110,36132,7,F184,14.621993990820208,7.2918007617284974,-44.356894344612186,62467.159,4.40160574,12250.5419,True,4.469951224356606,11503.116289264368,1.2711003346162106,1.6479494221471422,40018655
111,29923,17,F184,14.621993990990552,7.179692351685009,-44.30616452437326,62386.495,7.01738585,1101.14182,True,7.255169628631235,884.561735258344,1.309613426304696,8.55214515956217,40018655
112,30309,2,F184,14.62199399096004,7.207050925033169,-44.31113755580704,62391.507,5.87160364,3163.4148,True,5.965205729284492,2902.1089215384154,1.309239812794354,7.253204100657148,40018655
113,30699,10,F184,14.621993990966011,7.2225884516441266,-44.38753498162629,62396.574,5.15646746,6112.38377,True,5.135506968965819,6231.508796476854,0.9423946548987646,10.560391998004562,40018655
114,33039,7,F184,14.621993990805093,7.291659859866023,-44.34675002694527,62426.979,3.59231723,25814.9153,True,3.592558665717592,25809.08058920794,1.2163011023687214,5.066868508988974,40018655
115,33819,2,F184,14.621993990905274,7.291614377882495,-44.34471286567087,62437.114,3.77700451,21776.8867,True,3.8103769974188353,21117.63119887244,1.384239229541406,8.648127948934691,40018655
116,34209,14,F184,14.62199399085872,7.31375151802775,-44.36064132583118,62442.181,3.84892924,20381.0193,True,3.901367396668947,19419.991761508085,1.1796385586460238,-0.5618492819756421,40018655
117,34593,6,F184,14.621993990792022,7.274751541743491,-44.33401792963315,62447.17,3.9718152,18200.0054,True,3.9824575992867306,18022.413936371377,1.3152544060870888,2.687998257060252,40018655
118,35747,5,F184,14.621993990855923,7.321179896501238,-44.319013094353096,62462.159,4.3140037,13279.9401,True,4.289603147589853,13581.719003403532,1.1113800423718143,5.141561897842511,40018655
119,36516,3,F184,14.621993990932667,7.2056132093720455,-44.33550275501352,62472.147,4.4928149,11263.4552,True,4.530701057657286,10877.161502892215,1.297112374067653,1.372149332073978,40018655
120,287,16,F184,14.621993990489472,7.917348070820529,-44.10947743593953,62001.61911,,,False,,,188.966323503093,514.1650439111199,20055347
121,3374,15,F184,14.621993990838554,7.969804079427242,-44.16043666791519,62041.709,,,False,,,1052.8272209514805,1380.231232393366,20055347
122,2994,8,F184,14.621993990921649,8.016954905176704,-44.05143663121209,62036.7765,,,False,,,943.3905302733688,172.16478087781343,20055347
123,2604,8,F184,14.62199399079864,7.964314259193096,-44.06253504271156,62031.709,,,False,,,820.9949088464773,846.7863879579427,20055347
124,1823,12,F184,14.621993990564505,7.959687691198209,-44.068180915799296,62021.5629,,,False,,,881.7274814775956,1581.320039426223,20055347
125,3379,2,F184,14.621993990712609,7.973288621822297,-44.07790217498236,62041.7765,,,False,,,1094.268923567272,-605.587303601003,20055347
126,672,17,F184,14.621993990600105,7.941845626809303,-44.09473266241311,62006.61911,,,False,,,920.1655941887512,1053.6196097721386,20055347
127,667,11,F184,14.62199399075154,7.965277426842968,-44.11628584989607,62006.55166,,,False,,,1833.139767992805,-756.209255418029,20055347
128,662,6,F184,14.621993990673134,7.991332609366666,-44.12478538243518,62006.48422,,,False,,,955.1951207267666,3287.036150653509,20055347
129,1438,4,F184,14.621993990714255,7.996843781084617,-44.16036808482029,62016.5629,,,False,,,587.8947598602426,-143.63708106453942,20055347
130,54195,9,F184,14.62199399065774,7.987910400418188,-44.15550853928913,62701.732,3.99531535,17810.309,True,3.941287454074008,18718.92991956025,0.2766510545437181,16.570751929489735,20055347
131,51516,6,F184,14.621993990521508,7.983125174820824,-44.0809046494711,62666.945,4.85943024,8035.73301,True,4.68553134800006,9431.55845579694,1.3240976451822557,63.104690454561286,20055347
132,51520,16,F184,14.62199399066776,7.9475231803461455,-44.08280101561722,62667.001,4.84641205,8132.66297,True,4.965241591295914,7289.527244743219,3.3632441455467226,-7.709082888476512,20055347
133,51521,7,F184,14.6219939907084,8.008231274969074,-44.05856763534033,62667.013,4.84344725,8154.9011,True,4.75078327892734,8881.425730382116,0.3631996975520713,-5.324887269988192,20055347
134,51901,9,F184,14.621993990631292,8.021215583048251,-44.06725090283498,62671.945,3.98985157,17900.1623,True,3.985764107776205,17967.61184297096,1.3304192951464429,-10.204045563599747,20055347
135,52660,17,F184,14.62199399051877,7.937202950203537,-44.11218489856161,62681.799,3.66796458,24077.5206,True,3.760548731019036,22109.377123706334,1.8008394120607965,-38.49307164415786,20055347
136,53045,10,F184,14.621993990479682,7.925252840792266,-44.12108405707626,62686.799,3.86574363,20067.8176,True,3.9436231357473295,18678.704248406226,0.1548402433274343,-8.744937989592092,20055347
137,53810,4,F184,14.62199399064114,8.039107654035156,-44.07766571514137,62696.732,4.156417,15354.3274,True,4.251138414321428,14071.507752001922,1.1400936920535951,-53.25725143619517,20055347
138,54190,4,F184,14.621993990600131,7.949984446358185,-44.05727837251659,62701.664,3.997794,17769.6959,True,3.97022558826292,18226.60428145633,0.7164893615285546,54.26532608830511,20055347
139,54575,9,F184,14.621993990564572,7.9425424753523,-44.14598241984925,62706.664,3.83543535,20635.9021,True,3.8553804847830513,20260.20363282228,2.951456942069413,21.561953438331088,20055347
140,662,10,F184,14.621993990863274,7.559270034328816,-44.32499353458386,62006.48422,,,False,,,653.9243150340112,157.55743907679204,50027278
141,6483,5,F184,14.621993990832296,7.55375245597407,-44.35559763715855,62082.1025,,,False,,,751.1824375156427,192.2755633026893,50027278
142,6104,18,F184,14.621993990590646,7.523728076681898,-44.34167993237956,62077.1811,,,False,,,776.3490553687739,159.14183408551776,50027278
143,5714,12,F184,14.62199399081465,7.555059693915237,-44.35073135422399,62072.1137,,,False,,,827.6324270892869,146.74007687933755,50027278
144,2984,10,F184,14.621993990529075,7.473627023439028,-44.39378162445515,62036.6416,,,False,,,702.8401703638501,528.27129292871,50027278
145,6488,3,F184,14.621993990867182,7.46483541553523,-44.30790745800336,62082.1699,,,False,,,713.6436449597554,-341.17401372399047,50027278
146,2204,6,F184,14.621993990616032,7.440344733420229,-44.34572983058074,62026.5067,,,False,,,796.1417678925977,-34.96930817238774,50027278
147,1047,15,F184,14.621993990965311,7.572937862456992,-44.34147379450177,62011.4842,,,False,,,782.3506869381936,-106.4361507420308,50027278
148,667,16,F184,14.621993990669791,7.5347307687754,-44.30446728680517,62006.55166,,,False,,,795.1715785631418,-28.92050474948644,50027278
149,2599,4,F184,14.621993990729765,7.577377348591711,-44.311385909475455,62031.6416,,,False,,,732.9542067641464,220.4560185222288,50027278
150,37281,8,F184,14.621993990705953,7.52879931045489,-44.32720026764496,62482.08,4.1265211,15782.9855,True,4.120104235551152,15876.48311268996,1.1003754827165555,1.0988689815074275,50027278
151,33819,12,F184,14.62199399081465,7.555059693915237,-44.35073135422399,62437.114,5.37265117,5008.83964,True,5.486728617877789,4509.252480454358,1.291264087535622,-5.344865622136585,50027278
152,34209,18,F184,14.621993990590646,7.523728076681898,-44.34167993237956,62442.181,4.57709095,10422.2435,True,4.617350894080914,10042.81915769366,1.1378861043740065,9.874399567266456,50027278
153,34588,5,F184,14.621993990832296,7.55375245597407,-44.35559763715855,62447.102,4.12067443,15868.2058,True,4.139897417939093,15589.673971032187,1.2754331325117354,-1.365420933679408,50027278
154,34593,3,F184,14.621993990867182,7.46483541553523,-44.30790745800336,62447.17,4.11530769,15946.8358,True,4.153396590524046,15397.044458595276,1.1698589152058667,-5.6546165224618,50027278
155,34978,10,F184,14.62199399082748,7.547453037461969,-44.36419466326874,62452.17,3.78343631,21648.2638,True,3.793851765047183,21441.50639918349,1.2303577431866528,4.203497269633181,50027278
156,35742,9,F184,14.62199399062244,7.493856575228635,-44.31614561506469,62462.091,3.62968596,24941.5369,True,3.65119816491468,24452.132138346005,1.150087955483671,-0.6615095345322671,50027278
157,35747,2,F184,14.621993990697426,7.504495035758647,-44.36340366277872,62462.159,3.62905646,24956.0021,True,3.6335490475179526,24852.860435585066,1.128659396890732,-0.1283727504564145,50027278
158,37280,18,F184,14.621993990660544,7.448616193264995,-44.35097179116045,62482.069,4.12627225,15786.6033,True,4.1610258608876745,15289.23146904047,1.232403798135204,-2.5724076753538343,50027278
159,38040,15,F184,14.621993990640323,7.54272082146154,-44.33370605767099,62491.934,4.3187869,13221.5642,True,4.32322258185585,13167.610369592388,1.328253054412772,0.0121877966346555,50027278
160,662,16,F184,14.621993990996478,7.163463889390818,-44.368964858442936,62006.48422,,,False,,,710.959209328023,162.16233044286747,50144007
161,8027,8,F184,14.621993990886216,7.229124010730873,-44.49732811118531,62102.159,,,False,,,820.1897375699914,363.2788905474413,50144007
162,7642,9,F184,14.621993991130184,7.1202951723521135,-44.36454378414413,62097.1586,,,False,,,736.8760825340357,162.16940520766855,50144007
163,6873,4,F184,14.621993990930005,7.168194832629606,-44.39533104510828,62087.1699,,,False,,,733.365816951006,55.24138661435711,50144007
164,6104,11,F184,14.62199399090848,7.1729269424266775,-44.455713737155904,62077.1811,,,False,,,702.6924298127849,-276.22123897768853,50144007
165,8796,5,F184,14.62199399085936,7.201139149880117,-44.44578204165298,62112.147,,,False,,,661.5994809126344,333.55314822757657,50144007
166,5324,8,F184,14.62199399096474,7.214797537877384,-44.40346607027027,62067.0462,,,False,,,696.7804990655518,326.16349635939525,50144007
167,2594,10,F184,14.621993990966011,7.2225884516441266,-44.38753498162629,62031.5741,,,False,,,659.5463246522074,450.7141428381244,50144007
168,2589,15,F184,14.621993990923954,7.232732867488298,-44.46577851498337,62031.5067,,,False,,,791.4198030469713,360.19651176012826,50144007
169,5714,5,F184,14.621993990848686,7.125121581798074,-44.4154183706306,62072.1137,,,False,,,767.6086011415094,153.48750994964234,50144007
170,42241,15,F184,14.621993990996703,7.264329366754865,-44.44272871788871,62546.473,4.40653742,12195.0231,True,4.428462799884233,11951.18254741545,1.0585706881622978,5.383052653612033,50144007
171,36901,5,F184,14.62199399085936,7.201139149880117,-44.44578204165298,62477.147,8.096325,407.631369,True,8.109096567334964,402.862991276842,1.2544541162564944,4.834392584005083,50144007
172,37665,2,F184,14.621993991022476,7.125521997883051,-44.38626137997723,62487.069,4.4097268,12159.2524,True,4.407811351575777,12180.677908359838,1.04321192884581,7.129788236860161,50144007
173,38045,3,F184,14.62199399098904,7.206941432818303,-44.44042590350601,62492.001,3.89678986,19502.1123,True,3.8890258781953193,19641.99737750316,1.1315468880773072,8.96127162374075,50144007
174,38050,8,F184,14.62199399089269,7.191695838252552,-44.44828350914222,62492.069,3.89331759,19564.5815,True,3.887913859679269,19662.12515255493,1.1904972931907691,-2.776136078924687,50144007
175,40710,15,F184,14.62199399108995,7.157419212668706,-44.371134084912775,62526.597,4.02568757,17318.9904,True,4.034890898869792,17172.74181174823,1.41039430085234,2.374132732370253,50144007
176,41090,11,F184,14.621993990953008,7.188781953011629,-44.44110363250818,62531.529,4.06522058,16699.7268,True,4.013343888960662,17516.948148000232,1.2077044712977367,-2.271170116485064,50144007
177,41470,6,F184,14.621993990876852,7.262915440335283,-44.4175416474468,62536.462,4.23246745,14315.635,True,4.2499814595209084,14086.510268679887,1.2142195093407588,13.542557615077635,50144007
178,41856,13,F184,14.62199399102554,7.240553844537025,-44.412096380378784,62541.473,4.27705103,13739.6979,True,4.224645144525079,14419.092974982252,1.0709726173722118,17.112851276186934,50144007
179,44169,7,F184,14.621993991018352,7.222053802872595,-44.44680344913687,62571.507,4.90862844,7679.73473,True,4.848782654646833,8114.895623198899,1.3349348953648563,6.773388094881079,50144007
180,662,14,F184,14.621993990743862,7.401509700303546,-44.18365271983313,62006.48422,,,False,,,703.7816219764436,294.3191702915743,40084671
181,5324,1,F184,14.62199399079056,7.389988572282177,-44.15676970832007,62067.0462,,,False,,,844.6595312883378,569.3219151487535,40084671
182,2984,13,F184,14.62199399073803,7.37069754026392,-44.27672897414362,62036.6416,,,False,,,819.5064314959563,50.63543390179712,40084671
183,2594,14,F184,14.621993990788152,7.269078586069861,-44.20966392433207,62031.5741,,,False,,,731.5365365730522,479.7049242896911,40084671
184,2209,4,F184,14.621993990819954,7.39206630610603,-44.241895137296815,62026.5741,,,False,,,657.103107059329,324.07646520361726,40084671
185,5714,11,F184,14.62199399097936,7.432540762931268,-44.25393154036932,62072.1137,,,False,,,670.3542272601117,232.66771358849385,40084671
186,1823,16,F184,14.62199399099128,7.340724405407853,-44.18074269415564,62021.5629,,,False,,,887.969619169101,515.0795861961028,40084671
187,1818,18,F184,14.621993990827557,7.293303695989882,-44.2058005941712,62021.4955,,,False,,,861.9713969370705,122.67443407503464,40084671
188,1433,10,F184,14.62199399106919,7.3591409412825985,-44.18867523047172,62016.4955,,,False,,,682.8995583686992,337.8027954253867,40084671
189,2204,3,F184,14.621993990804956,7.344636247276052,-44.22539030152854,62026.5067,,,False,,,833.6574141304245,466.3688209727367,40084671
190,40330,12,F184,14.621993990838051,7.424584578559745,-44.26545128148149,62521.664,4.7593857,8811.36753,True,4.761583745655454,8793.514858136108,1.0984337499733687,8.527718145582657,40084671
191,35747,4,F184,14.621993990766438,7.34824615969244,-44.17360474510975,62462.159,5.18895928,5932.17403,True,5.180490625796194,5978.603467578888,1.1279074429824336,6.507024540092415,40084671
192,36516,2,F184,14.621993990914886,7.288671904826772,-44.21921517041333,62472.147,4.30587155,13379.7802,True,4.303671406832191,13406.87120432961,1.129136320689827,-2.2163024833680143,40084671
193,37280,14,F184,14.621993990889996,7.382923630203099,-44.20712533568269,62482.069,3.91669112,19147.8999,True,3.9601621263685978,18396.32821878623,0.9463937167516532,0.6922848542006143,40084671
194,37660,11,F184,14.62199399080225,7.436522923185782,-44.18521490799838,62487.001,3.85934388,20186.4544,True,3.866727767047811,20049.56216892673,1.3839004785792657,4.255963102490712,40084671
195,38040,12,F184,14.621993990929008,7.433004853317818,-44.21966591030285,62491.934,3.78162135,21684.4823,True,3.782780851126317,21661.25722320568,1.2666756579358525,6.452236685417545,40084671
196,38045,5,F184,14.621993990720302,7.334113472563557,-44.25319038775203,62492.001,3.78037715,21709.3458,True,3.79351819513397,21448.0948690151,1.09303492597819,3.8328231448306895,40084671
197,38425,6,F184,14.621993990812337,7.38427971544509,-44.220353160671785,62496.934,4.06955204,16633.2372,True,4.09462402104902,16253.48113731622,1.180015890063683,8.188070182838091,40084671
198,40325,13,F184,14.621993990928749,7.438908424678186,-44.24804987985031,62521.597,4.75809155,8821.87653,True,4.781200948094025,8636.059399064672,1.2916903790610703,1.024716847278976,40084671
199,40710,3,F184,14.621993990643745,7.402741949837914,-44.16262389787065,62526.597,4.84997,8106.05593,True,4.877385387198924,7903.90742885462,1.201300340115424,5.035458945385183,40084671
200,276,13,F184,14.621993990697156,7.349672900931461,-44.86468986284946,62001.47298,,,False,,,854.7577037972196,-314.6499269257974,50070195
201,6099,3,F184,14.621993990903118,7.428955403898613,-44.8379888891434,62077.1137,,,False,,,834.2065440909646,-221.1609914073457,50070195
202,6094,4,F184,14.621993991046937,7.357396120069214,-44.85190702617746,62077.0462,,,False,,,786.2195032551299,269.5601019698079,50070195
203,5709,9,F184,14.621993990919645,7.321818010579234,-44.80560360422451,62072.0462,,,False,,,640.3595335340033,43.45500300562975,50070195
204,2979,1,F184,14.62199399121595,7.406905883238679,-44.87192299787343,62036.5741,,,False,,,595.9551813230828,-259.3326822091046,50070195
205,6489,14,F184,14.621993991053516,7.425403960679914,-44.81895055223101,62082.1811,,,False,,,714.0772704673918,182.8055364524309,50070195
206,2594,7,F184,14.621993991229912,7.403464075146705,-44.78436999555322,62031.5741,,,False,,,909.9795819518386,272.68064418371625,50070195
207,2203,13,F184,14.621993991196556,7.396184281816849,-44.75317235863123,62026.4955,,,False,,,772.448177094213,-85.00798093525418,50070195
208,1432,16,F184,14.62199399097288,7.365972405602732,-44.847896010514425,62016.4842,,,False,,,677.0621874970948,520.4979015681079,50070195
209,2974,18,F184,14.62199399106436,7.308365235494536,-44.77597528543723,62036.5067,,,False,,,690.3234930839299,41.4544595256429,50070195
210,47279,7,F184,14.621993991320808,7.484063741016044,-44.79322113802585,62611.911,4.06251486,16741.3953,True,4.086042061525042,16382.462231236024,1.055875373919477,-3.933238262051263,50070195
211,41475,11,F184,14.621993991020837,7.319453154955383,-44.78169096136124,62536.529,8.43814966,297.534775,True,9.185477023798414,149.4876072503328,1.5623499722500382,-4.69931509767329,50070195
212,41855,6,F184,14.621993991234062,7.48396667317196,-44.83372563116403,62541.462,5.93521916,2983.38932,True,5.856954222568078,3206.3749799786897,1.1140035383231677,0.222273497206563,50070195
213,42246,16,F184,14.621993991160036,7.489062194046025,-44.82766183403198,62546.54,4.80466009,8451.49542,True,4.782060805842244,8629.222708092204,1.187098747785289,-2.7788543922283355,50070195
214,42626,14,F184,14.621993991117114,7.436570589074175,-44.85804202919059,62551.473,4.18190493,14998.0785,True,4.1658104245225385,15222.003946120558,1.4502144807482285,0.7698377486581751,50070195
215,44554,8,F184,14.62199399111434,7.366733818446797,-44.807130702911245,62576.507,3.75574095,22207.579,True,3.7707428461455663,21902.76086477896,1.129448308914207,-3.813348449594333,50070195
216,44939,12,F184,14.621993991285215,7.458655130415872,-44.78547811370519,62581.507,3.79115723,21494.8641,True,3.827502008410166,20787.16180829459,1.2642979276963364,0.8594197418282471,50070195
217,44944,4,F184,14.621993991099329,7.404689255548615,-44.824492875125024,62581.574,3.79166717,21484.771,True,3.789996870240667,21517.769544427745,1.354237543929246,-5.45644834597729,50070195
218,45329,13,F184,14.621993991066644,7.331532978253572,-44.79340601247247,62586.574,3.83487891,20646.4805,True,3.848382082287287,20391.21797321497,1.05888078436417,-4.713372882520639,50070195
219,47669,8,F184,14.6219939912158,7.455581140936084,-44.832593860368505,62616.979,4.20556588,14674.768,True,4.248997236586682,14099.285519524836,1.2311171016949622,0.9343805800698548,50070195
220,662,5,F184,14.621993990697916,7.961437719287574,-44.253322325763065,62006.48422,,,False,,,647.0072249617731,1568.814468849363,50071618
221,2599,9,F184,14.621993990436858,7.928271920171363,-44.31956842131559,62031.6416,,,False,,,858.9487344927816,-448.02569563791417,50071618
222,2598,16,F184,14.62199399057549,7.81464597594131,-44.29880927974945,62031.6303,,,False,,,707.0008540319614,-140.96732383832045,50071618
223,2208,15,F184,14.621993990647685,7.9365644523567,-44.28716207364269,62026.5629,,,False,,,635.7093580557319,139.63984959954814,50071618
224,1433,8,F184,14.62199399063554,7.891604206488313,-44.34138275184622,62016.4955,,,False,,,617.4078550115714,141.0525353972746,50071618
225,2984,12,F184,14.621993990544135,7.83506141181156,-44.29418847542618,62036.6416,,,False,,,749.9923013993498,257.7791253784891,50071618
226,1052,14,F184,14.62199399051567,7.86592685948384,-44.337094906574976,62011.5517,,,False,,,837.4442198457746,1363.911944513864,50071618
227,672,16,F184,14.621993990584828,7.905995818772166,-44.23996970983711,62006.61911,,,False,,,459.87699389838895,461.4662131471673,50071618
228,667,10,F184,14.62199399061031,7.930101613415586,-44.26049363598008,62006.55166,,,False,,,530.1208011223539,-502.6978859373203,50071618
229,1057,16,F184,14.6219939905779,7.941736634937472,-44.36350194198181,62011.6191,,,False,,,582.8961000463742,124.30761769176227,50071618
230,48838,18,F184,14.621993990562602,7.953208434737952,-44.27648900043794,62632.17,3.78214309,21674.0645,True,3.7295247952116135,22750.245205865867,1.1523282832653623,22.30767955417232,50071618
231,47284,11,F184,14.621993990560409,7.872161767258703,-44.27050098224491,62611.979,5.33006338,5209.21453,True,5.220140730102795,5764.208851127,1.3007529490121783,4.4152995643073885,50071618
232,47674,15,F184,14.621993990649162,7.918972793679971,-44.29504990295174,62617.046,4.37466274,12558.3476,True,4.36925673594304,12620.986599610736,1.2366128419099884,16.763489392092943,50071618
233,48053,7,F184,14.621993990603704,7.894071020983902,-44.30664403827015,62621.968,3.91961853,19096.342,True,3.889759866666456,19628.723317460182,0.996668004617974,-6.5949782641383,50071618
234,48058,9,F184,14.621993990496014,7.824946732168576,-44.30254355292197,62622.035,3.91651378,19151.0277,True,3.942905392197634,18691.056191454183,1.4618671236036664,-5.063356461306867,50071618
235,48059,16,F184,14.621993990551852,7.856550592729539,-44.32840432130818,62622.046,3.91626148,19155.4784,True,3.90910797883272,19282.03240830956,1.6759082102796572,19.78310069118347,50071618
236,48443,4,F184,14.621993990553724,7.804157843473838,-44.26009034461401,62627.035,3.78065162,21703.8585,True,3.777936286014498,21758.125909534014,0.956272405193423,16.09414578394984,50071618
237,48448,3,F184,14.621993990506349,7.832152884205782,-44.29751222904439,62627.102,3.77876248,21741.6552,True,3.7428179048999226,22473.40291083055,0.5696953948207142,0.0849137484268868,50071618
238,48833,10,F184,14.621993990591436,7.87249839219336,-44.29454972612177,62632.102,3.78022715,21712.3452,True,3.7607289939548494,22105.70664612883,0.5328728252649773,1.922483068930646,50071618
239,49602,3,F184,14.6219939904707,7.870232172401041,-44.32166979205521,62642.091,4.06800406,16656.9689,True,4.130624711054146,15723.387424563474,1.3182957380941651,-3.995346510465972,50071618
240,276,13,F184,14.621993990697156,7.349672900931461,-44.86468986284946,62001.47298,,,False,,,731.9563024859594,81.85757330440407,40120913
241,6484,1,F184,14.6219939906178,7.355339601724878,-44.95326627438292,62082.1137,,,False,,,744.1467547426801,-165.3644054400117,40120913
242,6094,4,F184,14.621993991046937,7.357396120069214,-44.85190702617746,62077.0462,,,False,,,728.0673384729001,355.29377214565375,40120913
243,5704,7,F184,14.621993991050989,7.342044190991592,-44.84962325983023,62071.9788,,,False,,,785.9984797973246,-158.5140929779057,40120913
244,2979,1,F184,14.62199399121595,7.406905883238679,-44.87192299787343,62036.5741,,,False,,,736.5065334196051,241.04096774942656,40120913
245,6489,11,F184,14.621993990688276,7.262606525045646,-44.89538224243198,62082.1811,,,False,,,707.6588610512566,-54.57992118666897,40120913
246,2589,5,F184,14.621993990941837,7.370279670631525,-44.8822726458094,62031.5067,,,False,,,814.1685209972504,190.2804711300049,40120913
247,2588,16,F184,14.62199399084268,7.424619431201398,-44.945093646058496,62031.4955,,,False,,,729.7489958358002,-6.025296851010864,40120913
248,661,18,F184,14.621993990923675,7.363780343658596,-44.90449039472226,62006.47298,,,False,,,734.0995399483816,356.9140388729284,40120913
249,2974,14,F184,14.621993990674069,7.292832252962926,-44.92691430679574,62036.5067,,,False,,,819.8476276623653,91.5141666676812,40120913
250,48449,2,F184,14.621993990740355,7.37430896422037,-44.91156872744848,62627.114,6.52992753,1725.1489,True,6.475935931431838,1813.0994552934485,1.217425710216148,0.5389207211242346,40120913
251,38435,5,F184,14.621993990755657,7.382249014453975,-44.92132070719879,62497.069,5.43640937,4723.17293,True,5.462835745760334,4609.583662536374,1.2332511092058305,8.364816719482027,40120913
252,41475,10,F184,14.621993990986676,7.405349798502705,-44.91482032562247,62536.529,4.27009827,13827.9655,True,4.27674187016995,13743.560289805462,1.0252161104461963,-4.246226628480898,40120913
253,41480,15,F184,14.621993991028846,7.42564849727245,-44.90080682087834,62536.597,4.27177545,13806.6214,True,4.2940834137438415,13525.789818474646,1.2003360275248378,6.568027830148784,40120913
254,41855,2,F184,14.621993990576856,7.336763725907317,-44.96854311601237,62541.462,4.34903753,12858.2712,True,4.38475357454913,12442.125286650797,1.0999015123851337,-1.1448560533371877,40120913
255,44939,2,F184,14.621993990697453,7.377283729584233,-44.96492975857743,62581.507,5.42942444,4753.65677,True,5.527051871933809,4344.854638092311,1.2485074778019107,-3.083903072506298,40120913
256,45329,10,F184,14.621993991011264,7.420830648950545,-44.9163459664188,62586.574,5.52954561,4334.90267,True,5.5502209657750665,4253.119778342537,1.1068125561985596,-0.6873539502788617,40120913
257,48054,7,F184,14.621993990735865,7.395008530182434,-44.96192016765317,62621.979,6.39942636,1945.48127,True,6.544178391119498,1702.6471020573292,1.0862033370369748,-1.884802130412292,40120913
258,48059,9,F184,14.621993990578058,7.328522966842054,-44.95783699692718,62622.046,6.4004695,1943.61301,True,6.58031271885616,1646.913966120551,1.185517542379205,6.288087525610982,40120913
259,50762,9,F184,14.621993990792951,7.380952521397398,-44.967221571678245,62657.159,7.20158503,929.316361,True,7.287650834934655,858.4908407460254,1.1302604587898637,2.6574508297397474,40120913
260,286,16,F184,14.621993990878702,7.91066078222986,-44.92974925084829,62001.60787,,,False,,,748.3710291141022,376.8656151418471,50061540
261,3759,5,F184,14.621993990908344,7.951027440697727,-44.90082270919898,62046.709,,,False,,,698.9227703124002,-303.34091517460115,50061540
262,3369,5,F184,14.6219939909106,7.8307985696177935,-44.95481517942107,62041.6416,,,False,,,622.3764407871213,829.1430365923015,50061540
263,3364,15,F184,14.621993990984237,7.828020168024484,-44.89893017670963,62041.5741,,,False,,,678.7935314477929,24.363692336223323,50061540
264,2979,6,F184,14.621993990824643,7.804743884399751,-44.9082297418798,62036.5741,,,False,,,750.8831132492762,411.5654619592363,50061540
265,4139,16,F184,14.62199399071689,7.919542721296692,-44.99319710349027,62051.6416,,,False,,,780.4983884507583,-496.9667642972058,50061540
266,1817,14,F184,14.62199399082512,7.903217728883275,-44.97605431185736,62021.4842,,,False,,,863.6101426554794,396.8234534918023,50061540
267,1432,1,F184,14.621993990738236,7.929675448806885,-44.9691641193905,62016.4842,,,False,,,707.4632039481351,-21.496327225684865,50061540
268,666,14,F184,14.621993990929436,7.909413037810123,-44.92734499952748,62006.54042,,,False,,,762.2604150818692,-239.7403024759624,50061540
269,2203,5,F184,14.62199399077239,7.927556677642562,-44.96618836327684,62026.4955,,,False,,,762.8119606001545,-10.582776733088338,50061540
270,32249,10,F184,14.6219939908629,7.935368511755636,-44.90309445872924,62416.709,4.12971395,15736.6403,True,4.139020392770384,15602.27192991428,1.061145178664985,6.573020066430523,50061540
271,29537,1,F184,14.621993990738236,7.929675448806885,-44.9691641193905,62381.484,5.65581768,3858.9622,True,5.560388134376947,4213.478151204635,1.2683578909591826,-1.7388914162144935,50061540
272,29922,14,F184,14.62199399082512,7.903217728883275,-44.97605431185736,62386.484,5.02177119,6919.72956,True,4.998840501825979,7067.40206839265,1.26030644464881,-0.6733595784843397,50061540
273,30308,5,F184,14.62199399077239,7.927556677642562,-44.96618836327684,62391.495,4.56199412,10568.1738,True,4.603643264285118,10170.415463140262,1.206440298899366,-2.812534511643125,50061540
274,31084,6,F184,14.621993990824643,7.804743884399751,-44.9082297418798,62401.574,4.08854656,16344.776,True,4.031815507820774,17221.453242952062,1.179859992104412,6.269747800571144,50061540
275,31469,15,F184,14.621993990984237,7.828020168024484,-44.89893017670963,62406.574,4.02771866,17286.6219,True,4.056774228389635,16830.084971609253,1.3245089848199094,4.31588246181855,50061540
276,31474,5,F184,14.6219939909106,7.8307985696177935,-44.95481517942107,62406.642,4.02741882,17291.3965,True,4.048623321001116,16956.908300556188,1.1860680461083934,13.187584833805484,50061540
277,31864,5,F184,14.621993990908344,7.951027440697727,-44.90082270919898,62411.709,4.05027207,16931.24,True,4.094121011531486,16261.01293906236,1.2971671335283026,7.1428778739125,50061540
278,32244,16,F184,14.62199399071689,7.919542721296692,-44.99319710349027,62416.642,4.12852228,15753.9218,True,4.112407820955529,15989.425934086768,1.17741629742056,-7.449568625106921,50061540
279,32254,8,F184,14.621993990979554,7.86898209242563,-44.94177904403791,62416.776,4.13090692,15719.3588,True,4.113393448715669,15974.917372156304,1.2711230109996483,6.456640505510231,50061540
280,662,1,F184,14.621993990770331,7.746323543614072,-44.34826882531432,62006.48422,,,False,,,790.3458817793185,406.50611498184287,60144043
281,3369,18,F184,14.621993990709962,7.770884944301203,-44.40839301210492,62041.6416,,,False,,,754.4832056277064,-53.71331716414216,60144043
282,2989,8,F184,14.62199399073512,7.883516189210135,-44.40283460598943,62036.709,,,False,,,689.2452029198448,-54.888061152136345,60144043
283,2984,3,F184,14.621993990718952,7.903533144335382,-44.42053551823765,62036.6416,,,False,,,761.9092684954621,304.53561779215835,60144043
284,2599,8,F184,14.621993990872935,7.772972889536136,-44.38563156697975,62031.6416,,,False,,,734.2686597083384,201.56195169843795,60144043
285,3759,17,F184,14.621993990613747,7.842785896976485,-44.35951931013505,62046.709,,,False,,,738.5535412801219,-198.4323980409208,60144043
286,1823,1,F184,14.621993990728235,7.8610831248261315,-44.368571744221526,62021.5629,,,False,,,722.7179998052143,182.7249039226764,60144043
287,1818,3,F184,14.62199399070668,7.816341453634838,-44.39310605405424,62021.4955,,,False,,,667.9286387625648,265.4194161858184,60144043
288,1047,12,F184,14.621993990861087,7.764473385914606,-44.36191655256687,62011.4842,,,False,,,720.7478827069654,-24.052584722217432,60144043
289,2208,14,F184,14.62199399084201,7.798577974477072,-44.37222889895507,62026.5629,,,False,,,604.3848043322405,-108.72900274509072,60144043
290,45334,15,F184,14.621993990771482,7.808839724739278,-44.35476473374504,62586.642,4.11930038,15888.3005,True,4.12615506519467,15788.249246820546,1.3789047526661715,1.0533110022673933,60144043
291,43012,2,F184,14.621993990714529,7.8253305231102175,-44.36863390336375,62556.484,14.3496495,1.28510258,True,,-140.8700240713229,1.2583208823603371,-0.7308860207015802,60144043
292,43017,13,F184,14.621993990802844,7.760214487559179,-44.37068992186584,62556.552,14.3432991,1.2926411,True,,-158.60843550443738,1.2729048651326271,9.178217725624757,60144043
293,43402,18,F184,14.621993990576184,7.794952647743598,-44.32683031740977,62561.552,6.68140918,1500.49282,True,6.875091019140079,1255.3348693030712,1.0243669434837288,4.260049812951196,60144043
294,43783,5,F184,14.621993990548429,7.791446411749119,-44.4112947931327,62566.495,5.46773508,4588.84686,True,5.473334413395776,4565.225502105591,1.0977830665095534,2.570455770767889,60144043
295,44173,10,F184,14.621993990905672,7.74840562198608,-44.41927339235828,62571.563,4.93461502,7498.10622,True,4.995503099790579,7089.159701903689,1.1703334186586012,9.201124920860265,60144043
296,44558,18,F184,14.621993990718062,7.84105540483216,-44.35422245755839,62576.563,4.39454488,12330.4703,True,4.381747733189405,12476.618814398478,1.180804569722894,-1.9553953267888111,60144043
297,44948,16,F184,14.621993990659282,7.892484298375022,-44.384252745732816,62581.63,4.38256778,12467.2447,True,4.408390665830527,12174.180420201295,1.1834835057655713,3.918301165292248,60144043
298,44949,5,F184,14.621993990770424,7.753449991177781,-44.42171396604048,62581.642,4.38198214,12473.9713,True,4.421044615839806,12033.11739412729,1.226648517724931,-7.178460916122262,60144043
299,45339,5,F184,14.62199399064338,7.895135482311631,-44.42083249367273,62586.709,4.11687276,15923.8652,True,4.1125546341697365,15987.263990605545,1.094540782796689,7.763155233520498,60144043
300,282,13,F184,14.621993990809848,7.72995290845977,-44.04439999284851,62001.55166,,,False,,,533.630173568884,575.3337333612997,50118342
301,2599,2,F184,14.6219939904829,7.687724265453935,-44.105750976215454,62031.6416,,,False,,,887.7265577415628,-78.29091217678274,50118342
302,2214,7,F184,14.621993990469036,7.6906331390443325,-44.10188635195341,62026.6416,,,False,,,1058.200094028825,385.3544628120615,50118342
303,2213,16,F184,14.621993990636255,7.697139498898042,-44.1220512605919,62026.6303,,,False,,,831.5668130216764,-173.75908104316625,50118342
304,2209,6,F184,14.621993990582364,7.683649460851995,-44.060337204301526,62026.5741,,,False,,,543.8072772816895,-254.2842375733535,50118342
305,2604,7,F184,14.621993990699076,7.788065746323253,-44.13807078014506,62031.709,,,False,,,573.4666510171928,151.37050104535592,50118342
306,1433,2,F184,14.621993990795303,7.624355121430036,-44.12831488307103,62016.4955,,,False,,,739.4114056281987,-774.482711811978,50118342
307,667,14,F184,14.621993990352529,7.772513047698105,-44.11915338019717,62006.55166,,,False,,,842.4821409286587,173.31334184403545,50118342
308,662,3,F184,14.621993990754955,7.811285968024964,-44.07520358987279,62006.48422,,,False,,,491.04076562926457,1220.515042882413,50118342
309,1823,14,F184,14.62199399041362,7.674676527645362,-44.1035571207491,62021.5629,,,False,,,649.1917885272615,-558.1146497296626,50118342
310,53045,11,F184,14.62199399047798,7.721376123344254,-44.11783795140807,62686.799,4.45287081,11685.5531,True,4.426812454376069,11969.362449778033,1.0774414638168164,12.700360969391792,50118342
311,50371,12,F184,14.62199399052697,7.747198187589166,-44.08148247161862,62652.08,6.80743129,1336.05728,True,7.343351961152634,815.5586823586528,1.2191036421831858,13.04885960289011,50118342
312,50376,14,F184,14.621993990714223,7.656504110757712,-44.128850562451895,62652.147,6.79207277,1355.09108,True,6.686093798189003,1494.0271190987726,0.9283971069735564,3.644642055853872,50118342
313,50756,1,F184,14.62199399057052,7.72912030490271,-44.06187113396867,62657.08,6.05815076,2664.01884,True,6.064936334898826,2647.411591415143,0.9799563925439884,0.9103105718099612,50118342
314,51136,5,F184,14.621993990709075,7.82115325015413,-44.09496245673812,62662.013,5.64129823,3910.91433,True,5.618760851647727,3992.929656972587,1.1332280928622436,25.85434935898764,50118342
315,51900,14,F184,14.621993990530951,7.737420947159639,-44.12619715981449,62671.934,5.10050406,6435.7027,True,5.124610021345898,6294.365987325092,1.2254558735570564,2.1322846357728484,50118342
316,52285,1,F184,14.621993990629845,7.733314973085438,-44.14002125705602,62676.934,4.7712962,8715.2353,True,4.800934438766504,8480.5149578607,1.2520116132812025,-8.091281183179879,50118342
317,52660,18,F184,14.621993990437431,7.759539174426722,-44.13289115537758,62681.799,4.66674065,9596.2452,True,4.681567171995438,9466.057347683836,1.3395656100218112,-1.0617579359449458,50118342
318,52665,2,F184,14.621993990563798,7.669439299424006,-44.095346262037694,62681.866,4.66761764,9588.49707,True,4.722761106852831,9113.63344935295,1.424618122211784,0.7676172199152489,50118342
319,53050,9,F184,14.62199399057664,7.689562820538882,-44.08546582151461,62686.866,4.45025309,11713.7611,True,4.485256003731967,11342.1033034872,0.936206526818016,-0.6644101980935732,50118342
320,277,1,F184,14.621993990758265,7.731200775638578,-44.01761144027208,62001.48422,,,False,,,131.63968989362183,-2540.1390894468545,50123776
321,2214,7,F184,14.621993990469036,7.6906331390443325,-44.10188635195341,62026.6416,,,False,,,1306.8261769295932,223.6178198432508,50123776
322,2213,16,F184,14.621993990636255,7.697139498898042,-44.1220512605919,62026.6303,,,False,,,2249.847029677112,5758.892774799527,50123776
323,2209,6,F184,14.621993990582364,7.683649460851995,-44.060337204301526,62026.5741,,,False,,,-191.9168350148248,136.14576896343397,50123776
324,1823,14,F184,14.62199399041362,7.674676527645362,-44.1035571207491,62021.5629,,,False,,,1170.2615115715162,5347.756913568081,50123776
325,2599,2,F184,14.6219939904829,7.687724265453935,-44.105750976215454,62031.6416,,,False,,,179.69224491987552,42.20194510559122,50123776
326,667,14,F184,14.621993990352529,7.772513047698105,-44.11915338019717,62006.55166,,,False,,,557.8497427834227,-1265.5615257444588,50123776
327,662,3,F184,14.621993990754955,7.811285968024964,-44.07520358987279,62006.48422,,,False,,,505.4995529341686,638.3853288435639,50123776
328,282,13,F184,14.621993990809848,7.72995290845977,-44.04439999284851,62001.55166,,,False,,,1650.924205680989,-2064.359547432018,50123776
329,1433,3,F184,14.62199399072605,7.713241289204579,-44.01438170656884,62016.4955,,,False,,,57.05425604745688,3364.887254040829,50123776
330,53805,13,F184,14.621993990542432,7.701808181647672,-44.10657023341181,62696.664,4.08580012,16386.1734,True,4.14885206413005,15461.626370253978,-0.1625000052488409,11.38551224069188,50123776
331,51900,14,F184,14.621993990530951,7.737420947159639,-44.12619715981449,62671.934,8.091706,409.369229,True,6.903226607041488,1223.222207856188,0.9870098596530966,-10.867948011848997,50123776
332,52280,14,F184,14.621993990722718,7.814682857152646,-44.07862978983951,62676.866,6.13168816,2489.55847,True,5.973721549459862,2879.43566929958,1.9603010212185328,-57.64571152194479,50123776
333,52285,1,F184,14.621993990629845,7.733314973085438,-44.14002125705602,62676.934,6.11562196,2526.67169,True,5.569940724020054,4176.569478207494,2.285421627454483,-61.89095654766816,50123776
334,52660,18,F184,14.621993990437431,7.759539174426722,-44.13289115537758,62681.799,5.19306768,5909.76927,True,5.036393039441771,6827.139614355052,1.865224006489292,-3.167202527114504,50123776
335,52665,2,F184,14.621993990563798,7.669439299424006,-44.095346262037694,62681.866,5.18359055,5961.58002,True,4.890403150304959,7809.706987418626,2.8590224906682504,-80.50275971808531,50123776
336,53045,11,F184,14.62199399047798,7.721376123344254,-44.11783795140807,62686.799,4.58706814,10326.9088,True,4.554307739030621,10643.21669371178,0.4185145347485901,18.76768584936775,50123776
337,53050,9,F184,14.62199399057664,7.689562820538882,-44.08546582151461,62686.866,4.58112074,10383.6323,True,4.571958002840182,10471.594078795268,0.5936436809840612,-11.142158249173388,50123776
338,53430,6,F184,14.62199399047524,7.672438292324956,-44.088631464056064,62691.799,4.25508875,14020.4546,True,4.472663858586724,11474.412448367477,1.4570241154814605,-3.0228260365271424,50123776
339,53810,2,F184,14.621993990560531,7.745845285370299,-44.142513067714525,62696.732,4.08395207,16414.0885,True,4.140071175586419,15587.179250568994,2.875920868824539,78.29990802514111,50123776
340,281,10,F184,14.62199399083564,7.917312700628629,-44.8379102480823,62001.54042,,,False,,,814.9829615526105,358.63967603939983,50049302
341,2208,4,F184,14.621993990989049,8.015235868540119,-44.77669396759336,62026.5629,,,False,,,727.4997117037783,362.6787571899891,50049302
342,2203,3,F184,14.621993991063292,7.969628038563785,-44.76018203281669,62026.4955,,,False,,,832.407163513255,810.7550898135851,50049302
343,1822,16,F184,14.621993990759767,7.856770914585887,-44.8141203877726,62021.5517,,,False,,,735.3703065280451,252.26972595876543,50049302
344,1818,8,F184,14.621993990921675,7.914628181376253,-44.73718335757687,62021.4955,,,False,,,880.2902995242221,413.2325941451106,50049302
345,2593,10,F184,14.621993990736367,7.926407090565074,-44.807834446479326,62031.5629,,,False,,,590.6392611667598,635.1148475311286,50049302
346,1047,4,F184,14.621993991135287,7.980192337762866,-44.73963209320784,62011.4842,,,False,,,789.1476574623657,-72.11318117930313,50049302
347,666,15,F184,14.621993990609312,7.9411716285826115,-44.79899972198667,62006.54042,,,False,,,597.7659147694912,92.59100539433712,50049302
348,286,17,F184,14.621993990765608,7.9113188208360254,-44.78225396289597,62001.60787,,,False,,,955.0575675363024,287.54607603580195,50049302
349,1432,11,F184,14.621993990804407,7.864954721938694,-44.77481857172715,62016.4842,,,False,,,573.9456651023743,-24.788883530231143,50049302
350,33029,1,F184,14.621993990597831,7.942413245228221,-44.81510270655367,62426.844,4.24048119,14210.3614,True,4.232451323876969,14315.794990685614,1.568014484962993,2.243391542621349,50049302
351,30698,10,F184,14.621993990736367,7.926407090565074,-44.807834446479326,62396.563,7.33184259,824.253043,True,7.379196332609306,789.0735155175449,1.0495157048756314,10.261193690938953,50049302
352,31474,3,F184,14.62199399100558,8.01103242143177,-44.79045718019522,62406.642,5.31568728,5278.64777,True,5.253756968182419,5588.473716660963,1.458768646249629,11.255367022620398,50049302
353,31859,18,F184,14.62199399108139,8.016572462082705,-44.73136528395503,62411.642,4.86921366,7963.64944,True,4.87971949218208,7886.933937887948,1.5527673882600852,11.269255702533815,50049302
354,31864,2,F184,14.621993990979474,7.9843555750734545,-44.76443920942541,62411.709,4.86404692,8001.63669,True,4.775207132183926,8683.866676915708,1.2615032153898356,5.340086602294488,50049302
355,32249,13,F184,14.621993990889289,7.926376250537888,-44.76496120540168,62416.709,4.52401304,10944.4107,True,4.520451084327284,10980.334393825991,0.9575451987173887,4.454830437867257,50049302
356,32254,5,F184,14.621993990933216,7.988217014276031,-44.81744259927943,62416.776,4.51994856,10985.4581,True,4.55684144209483,10618.40835635696,1.054765674193224,5.657184205504468,50049302
357,32639,10,F184,14.621993991081707,8.023691950038078,-44.79060087393447,62421.776,4.29054553,13569.9856,True,4.268394008861014,13849.637184838442,1.1846481205513846,16.151874275654098,50049302
358,32644,5,F184,14.621993991137986,7.942792868831952,-44.72920984632681,62421.844,4.28810492,13600.5237,True,4.320288401797203,13203.24369686812,1.0422874835972429,-4.498914610053794,50049302
359,33809,11,F184,14.621993991047097,7.994025693720929,-44.75662920864955,62436.979,4.24302917,14177.0519,True,4.249212368603917,14096.492108716498,1.3029763568687285,11.835247117706077,50049302
360,276,14,F184,14.621993991124269,7.350118708692528,-44.717993868508536,62001.47298,,,False,,,743.8731315383566,304.59347756354265,50010393
361,8027,6,F184,14.621993991093236,7.328576632865634,-44.724459091899845,62102.159,,,False,,,729.3373829236995,455.0792745713987,50010393
362,7258,4,F184,14.621993991016664,7.27615187941803,-44.70160876284512,62092.1699,,,False,,,750.9282842718411,139.03717406352024,50010393
363,6489,13,F184,14.62199399121364,7.3464845182329475,-44.68338273560681,62082.1811,,,False,,,647.4421639183397,451.0880703386664,50010393
364,6099,2,F184,14.62199399109342,7.33071766532671,-44.72754767040042,62077.1137,,,False,,,741.3478371231071,99.5744508867656,50010393
365,8412,8,F184,14.621993991182356,7.380052679491955,-44.7432383457674,62107.159,,,False,,,823.8674474464717,-495.8347260049631,50010393
366,2974,18,F184,14.62199399106436,7.308365235494536,-44.77597528543723,62036.5067,,,False,,,752.6473333193687,181.0635430244868,50010393
367,2589,2,F184,14.621993991155351,7.304149516381271,-44.7520477067246,62031.5067,,,False,,,720.6285004340245,-97.19384801200935,50010393
368,2203,13,F184,14.621993991196556,7.396184281816849,-44.75317235863123,62026.4955,,,False,,,764.5386339090071,5.982066000516909,50010393
369,2979,10,F184,14.621993991275582,7.338541199347252,-44.74508127828003,62036.5741,,,False,,,706.3280826515777,372.59714627109577,50010393
370,44554,5,F184,14.621993991174756,7.328624883654208,-44.659262556137726,62576.507,5.80946176,3349.75383,True,5.986658792977231,2845.32895103763,1.1046274943507433,-1.356335453218617,50010393
371,40710,16,F184,14.621993991138018,7.356539917003474,-44.71102019567374,62526.597,4.12265879,15839.2306,True,4.086316928248898,16378.315345686837,1.2994307830837288,-1.2608388324639614,50010393
372,40715,18,F184,14.621993991175067,7.3507533934822815,-44.7768920935756,62526.664,4.11998184,15878.3314,True,4.116475057541651,15929.640581649111,1.3006248016531594,7.539845824340894,50010393
373,41095,14,F184,14.621993991246494,7.361747404957227,-44.75306053080238,62531.597,4.11244953,15988.8705,True,4.059515286522821,16787.649196549984,1.2038940053855345,5.392933860782111,50010393
374,41470,1,F184,14.621993991012506,7.2372576795131796,-44.70113463287984,62536.462,4.29836844,13472.5629,True,4.266841902077672,13869.449997438927,1.339559378771128,5.4083047998001375,50010393
375,41475,11,F184,14.621993991020837,7.319453154955383,-44.78169096136124,62536.529,4.30313474,13413.549,True,4.357572238625817,12757.544872075458,1.2872586619882915,-8.78827328823073,50010393
376,42241,13,F184,14.621993991098329,7.296933610526668,-44.71875422938482,62546.473,4.5397827,10786.5985,True,4.549521280813679,10690.240794532308,1.201038421709647,4.298956449978659,50010393
377,42626,18,F184,14.621993990847734,7.252422959479167,-44.781608669836594,62551.473,4.82065368,8327.91192,True,4.838886778659649,8189.196431914785,1.19131174339852,12.810081280511124,50010393
378,43397,16,F184,14.621993991076693,7.290349664916196,-44.7354439969273,62561.484,5.3563687,5084.52182,True,5.456585073923341,4636.1979482396255,1.1992519511627342,9.210693325563325,50010393
379,44939,15,F184,14.621993991132266,7.340475946781404,-44.67535531786774,62581.507,5.959269,2918.03164,True,6.206034984043525,2324.780779572087,1.204649959043767,4.16152456105204,50010393
380,2974,13,F184,14.621993990616174,7.099277092430003,-44.97942534148615,62036.5067,,,False,,,1138.2704928034873,1039.2345042316683,40096456
381,23810,11,F184,14.62199399078165,7.0771709016173086,-45.01278804125638,62307.136,,,False,,,920.818609679898,844.3521270372028,40096456
382,20344,8,F184,14.621993991083889,6.973904652648158,-44.95293591343663,62262.114,,,False,,,900.2308761883996,722.4769731937772,40096456
383,13750,15,F184,14.621993990887251,6.928297161794642,-44.937307744392974,62176.462,,,False,,,936.7168023989016,791.3166744817512,40096456
384,13370,17,F184,14.621993990828855,7.024335901356201,-44.97748161144867,62171.529,,,False,,,639.643917999405,1098.6556282735546,40096456
385,20734,1,F184,14.621993990688924,7.087270628465568,-45.00661788733088,62267.181,,,False,,,836.7017141184442,1029.2384000994375,40096456
386,9565,15,F184,14.621993990950823,7.005613766729625,-44.98479727127516,62122.136,,,False,,,831.8887897100249,1246.400509100447,40096456
387,6484,7,F184,14.62199399097641,6.95115958873775,-44.96869704981093,62082.1137,,,False,,,818.152881334463,898.5163099932049,40096456
388,6099,9,F184,14.621993990979934,7.033241493379258,-44.90337003991032,62077.1137,,,False,,,467.34829007237386,993.0507101471152,40096456
389,9950,5,F184,14.621993991068765,7.0322922000697385,-44.9436851928954,62127.136,,,False,,,734.1885649304841,1127.6855428729166,40096456
390,55715,13,F184,14.621993990767477,6.957222047166071,-45.02582552840035,62721.462,6.48998993,1789.78814,True,6.280200407256348,2171.28002534354,1.2192395672109473,18.14051624851872,40096456
391,48449,8,F184,14.621993991083889,6.973904652648158,-44.95293591343663,62627.114,4.76201669,8790.04141,True,4.73145149748227,9040.977761834656,1.2952980468904047,18.998627179627977,40096456
392,48839,1,F184,14.621993990688924,7.087270628465568,-45.00661788733088,62632.181,4.61485937,10065.9287,True,4.629102187359592,9934.708415537554,1.3376661431571992,18.058689527753444,40096456
393,51915,11,F184,14.62199399078165,7.0771709016173086,-45.01278804125638,62672.136,5.32548286,5231.23767,True,5.42263154642313,4783.473599973289,0.6402985234826017,15.239523229342003,40096456
394,52300,9,F184,14.62199399088165,7.006775292040549,-45.01036355642295,62677.136,5.50195528,4446.47122,True,5.573194649464353,4164.071137317762,1.1232078414378075,15.919473439611576,40096456
395,55335,16,F184,14.62199399062222,7.078693235118991,-44.95507062539767,62716.529,6.25309315,2226.1803,True,6.383577000636199,1974.0820508414035,1.1694372072399042,26.502837075736124,40096456
396,55720,18,F184,14.621993990808026,7.028169853167139,-44.99957203586456,62721.529,6.49147706,1787.33834,True,6.527526333567357,1728.9620730038678,1.3779422424047605,13.359713388387314,40096456
397,276,11,F184,14.621993990723675,7.5412724090828895,-44.69151335913318,62001.47298,,,False,,,840.0284849092441,439.3640843763838,50093469
398,3764,7,F184,14.621993990865276,7.664283253966698,-44.66439768944424,62046.7765,,,False,,,665.2902167486353,-90.01307638410032,50093469
399,3374,7,F184,14.62199399101298,7.645907346608294,-44.75923551008518,62041.709,,,False,,,751.0943919061119,570.7536721806282,50093469
400,3369,10,F184,14.621993990730155,7.591410310222645,-44.711520397511045,62041.6416,,,False,,,574.6928148001962,392.1520144916193,50093469
401,2979,11,F184,14.621993990693984,7.530923060835799,-44.69268743159765,62036.5741,,,False,,,746.8171905057425,5.445022049470367,50093469
402,3754,16,F184,14.621993990924311,7.627208434107595,-44.73913555181895,62046.6416,,,False,,,659.2502634821751,295.9275877812637,50093469
403,1818,4,F184,14.62199399075218,7.693999891187357,-44.71471216595872,62021.4955,,,False,,,637.1330909569415,-27.04969574522352,50093469
404,1432,14,F184,14.621993990734014,7.680108571747353,-44.73091017280329,62016.4842,,,False,,,776.3330296720296,-267.25921089120584,50093469
405,281,17,F184,14.62199399111062,7.535038820836025,-44.78225396289597,62001.54042,,,False,,,671.3004987360509,357.76368751842506,50093469
406,2594,8,F184,14.621993990837288,7.581666695574502,-44.7088280515724,62031.5741,,,False,,,827.0662562869488,754.2792159171745,50093469
407,55340,11,F184,14.621993991055929,7.572442360860476,-44.79941244504793,62716.597,4.97298485,7237.75134,True,4.905640927790291,7700.867106987225,0.993174794750502,20.633636153125007,50093469
408,53435,12,F184,14.621993990721014,7.631362090036187,-44.71865380128258,62691.866,6.78826741,1359.84883,True,7.043885882399708,1074.5871601568945,1.0807910395858331,6.398218004234434,50093469
409,53815,15,F184,14.621993990743755,7.60660518340271,-44.70992326602136,62696.799,6.0508502,2681.99223,True,6.005280782385263,2796.943458812809,1.172284696453189,7.646617141139973,50093469
410,54195,18,F184,14.621993991214405,7.497642934470494,-44.7392167423984,62701.732,5.6474584,3888.78773,True,5.6518346740555,3873.130501499139,1.109067412036386,1.7157401007212425,50093469
411,54575,13,F184,14.62199399078479,7.670745580711358,-44.69563579502094,62706.664,5.38078812,4971.44168,True,5.460992155198397,4617.417429139103,1.1378702234670854,4.842958844323506,50093469
412,54960,12,F184,14.621993990589935,7.612098126190792,-44.64242971576905,62711.664,5.14009923,6205.23032,True,5.155058676892885,6120.297444659876,1.1086163241675415,-0.9034972715901288,50093469
413,55715,8,F184,14.6219939910586,7.638925924867179,-44.76506415039712,62721.462,4.78239405,8626.60625,True,4.747271719564024,8910.197123048581,1.1653068801616535,9.15195632961372,50093469
414,662,1,F184,14.621993990770331,7.746323543614072,-44.34826882531432,62006.48422,,,False,,,656.3870941276418,-2872.7904233637964,50099064
415,2984,11,F184,14.621993990805406,7.664851643468014,-44.34138809520605,62036.6416,,,False,,,-340.4445333031108,-1166.3088209346847,50099064
416,2599,8,F184,14.621993990872935,7.772972889536136,-44.38563156697975,62031.6416,,,False,,,125.5626666992357,171.03164564657646,50099064
417,2594,3,F184,14.62199399089358,7.652320235601367,-44.361328191050426,62031.5741,,,False,,,658.9953188002291,160.8029771304595,50099064
418,2208,14,F184,14.62199399084201,7.798577974477072,-44.37222889895507,62026.5629,,,False,,,1087.4831292837262,1243.1680584866235,50099064
419,2989,4,F184,14.62199399077048,7.708679644403191,-44.30563480146572,62036.709,,,False,,,1238.8311801277778,-861.4005515206981,50099064
420,1433,4,F184,14.6219939908783,7.670279451579078,-44.34616690290036,62016.4955,,,False,,,720.5168697825866,-1056.927909931952,50099064
421,1052,17,F184,14.621993990887134,7.656732277871609,-44.35180912907399,62011.5517,,,False,,,734.4767002999788,-1754.846817063098,50099064
422,1047,12,F184,14.621993990861087,7.764473385914606,-44.36191655256687,62011.4842,,,False,,,694.6625523418516,-1513.4800055816834,50099064
423,1823,10,F184,14.621993990678911,7.714553555709741,-44.28224049498216,62021.5629,,,False,,,422.48610999831726,477.3024736235194,50099064
424,31484,7,F184,14.621993990946995,7.718866443066618,-44.39003591552689,62406.776,4.50905301,11096.2541,True,4.421300820001399,12030.27824127957,1.0284791461113665,-27.95636299056807,50099064
425,29928,10,F184,14.621993990678911,7.714553555709741,-44.28224049498216,62386.563,8.58262229,260.464584,True,,-287.20554744973583,0.7953579976958223,7.315810695611553,50099064
426,30313,14,F184,14.62199399084201,7.798577974477072,-44.37222889895507,62391.563,6.53437494,1718.09676,True,6.713896535525291,1456.2548534086166,1.0042283349241712,14.088417827634542,50099064
427,30699,3,F184,14.62199399089358,7.652320235601367,-44.361328191050426,62396.574,5.5422522,4284.46614,True,5.594722055929104,4082.321249804103,1.014554661722202,-0.4475552703111262,50099064
428,30704,8,F184,14.621993990872935,7.772972889536136,-44.38563156697975,62396.642,5.53161436,4326.65086,True,5.488325289885109,4502.626095702848,1.16773745925338,-1.548340345929307,50099064
429,31089,11,F184,14.621993990805406,7.664851643468014,-44.34138809520605,62401.642,4.90475617,7707.17334,True,4.857614037473681,8049.156750869376,1.4812752445932535,-18.18077824668424,50099064
430,31094,4,F184,14.62199399077048,7.708679644403191,-44.30563480146572,62401.709,4.89813579,7754.31217,True,4.811085320925196,8401.597498387646,1.0469669820320793,-14.603776507710466,50099064
431,31474,18,F184,14.621993990709962,7.770884944301203,-44.40839301210492,62406.642,4.51599929,11025.4896,True,4.4801724409430665,11395.333072286743,0.8125505192561308,-16.75036708255335,50099064
432,31479,10,F184,14.621993990867228,7.6642454484296465,-44.34222065043296,62406.709,4.5125206,11060.8718,True,4.452050468434363,11694.34259335371,1.0990298665341456,-37.67759416707455,50099064
433,31869,1,F184,14.621993990781023,7.786612732000289,-44.39158921973264,62411.776,4.31631982,13251.6412,True,4.248096655134599,14110.985251488595,0.6633659810804471,-44.5764935128045,50099064
434,662,16,F184,14.621993990996478,7.163463889390818,-44.368964858442936,62006.48422,,,False,,,1003.3681278147924,3602.3919085244243,20170506
435,9560,2,F184,14.621993991022476,7.125521997883051,-44.38626137997723,62122.069,,,False,,,1015.0532835603626,4541.434176216689,20170506
436,8796,5,F184,14.62199399085936,7.201139149880117,-44.44578204165298,62112.147,,,False,,,-463.0251612092543,5654.844308280799,20170506
437,7642,9,F184,14.621993991130184,7.1202951723521135,-44.36454378414413,62097.1586,,,False,,,754.6347349829521,3371.51278711395,20170506
438,6873,4,F184,14.621993990930005,7.168194832629606,-44.39533104510828,62087.1699,,,False,,,914.8706870508976,2890.2979013883264,20170506
439,9940,3,F184,14.62199399098904,7.206941432818303,-44.44042590350601,62127.001,,,False,,,636.6716769060113,3072.583948611632,20170506
440,5714,5,F184,14.621993990848686,7.125121581798074,-44.4154183706306,62072.1137,,,False,,,143.4917986588698,4345.366626039792,20170506
441,5324,8,F184,14.62199399096474,7.214797537877384,-44.40346607027027,62067.0462,,,False,,,527.7211579405921,5561.881046383699,20170506
442,2594,10,F184,14.621993990966011,7.2225884516441266,-44.38753498162629,62031.5741,,,False,,,161.05521923376364,3832.56948775717,20170506
443,6104,11,F184,14.62199399090848,7.1729269424266775,-44.455713737155904,62077.1811,,,False,,,766.066567972739,3269.2590226524057,20170506
444,51905,12,F184,14.621993990843697,7.274788716970107,-44.41245852934886,62672.001,5.24358579,5641.09328,True,5.42361029619771,4779.163424003851,1.143044894451683,48.08588342420437,20170506
445,47674,4,F184,14.621993990893662,7.246770918172693,-44.40334774184498,62617.046,4.6185616,10031.6635,True,4.929112702161131,7536.1740341241875,0.3683192568119149,80.91686986978675,20170506
446,48064,1,F184,14.621993991060991,7.179616364907289,-44.421135675708335,62622.114,4.34286671,12931.5598,True,4.497237448750116,11217.627656486911,1.0090821093748208,62.00642381916186,20170506
447,48069,3,F184,14.6219939908836,7.112944016116905,-44.41577872881862,62622.181,4.34393054,12918.8954,True,4.466131244842192,11543.659341795015,2.0648680573631317,50.44661548298093,20170506
448,48838,5,F184,14.621993991010727,7.200172254544808,-44.3774952098405,62632.17,4.63410361,9889.08596,True,4.780526293428633,8641.427340471128,1.4500386173592938,41.34372995735448,20170506
449,49992,8,F184,14.621993991119716,7.178740830744326,-44.36826077383424,62647.159,5.30074128,5351.81489,True,5.661897140425351,3837.400641596424,1.7467398532331455,65.92019414608546,20170506
450,51145,18,F184,14.621993991017677,7.218362359999594,-44.398900571782754,62662.136,5.11551825,6347.31856,True,5.323588123218388,5240.355508032463,-0.3102076023934758,60.56658190939158,20170506
451,51146,8,F184,14.621993990879028,7.178761273540153,-44.45864507264401,62662.147,5.11562868,6346.67303,True,5.563721809960597,4200.560808078854,0.9063430449506152,92.0606420704096,20170506
452,51525,12,F184,14.621993990774005,7.075950901282824,-44.39506330301944,62667.069,5.16962486,6038.75837,True,5.439290147980856,4710.640274138849,0.904461798654776,58.559690674240585,20170506
453,51910,5,F184,14.621993990989774,7.109267655927501,-44.42972574901873,62672.069,5.24456358,5636.0153,True,5.517527209645685,4383.13771557081,0.5959440061550646,47.48211641711936,20170506
454,662,1,F184,14.621993990770331,7.746323543614072,-44.34826882531432,62006.48422,,,False,,,773.0709721921398,-118.78991391976786,30666595
455,2594,3,F184,14.62199399089358,7.652320235601367,-44.361328191050426,62031.5741,,,False,,,761.4145820852209,440.98864515966574,30666595
456,2208,17,F184,14.62199399075655,7.6063679304169405,-44.31138779186999,62026.5629,,,False,,,745.704176201234,73.48286744906812,30666595
457,1823,10,F184,14.621993990678913,7.714553555709741,-44.282240494982155,62021.5629,,,False,,,709.8910001824927,234.06924145211104,30666595
458,1818,12,F184,14.62199399055932,7.669709619072444,-44.307280191863306,62021.4955,,,False,,,802.6296019426904,236.69356163400784,30666595
459,2984,11,F184,14.621993990805406,7.664851643468014,-44.34138809520605,62036.6416,,,False,,,706.535845908303,190.754432405486,30666595
460,1052,17,F184,14.621993990887134,7.656732277871609,-44.351809129073985,62011.5517,,,False,,,743.4281368506215,154.4168461700889,30666595
461,1047,12,F184,14.621993990861089,7.764473385914606,-44.36191655256687,62011.4842,,,False,,,670.2717698637981,475.1588601135105,30666595
462,667,13,F184,14.62199399072311,7.737064071062831,-44.26363095257007,62006.55166,,,False,,,719.8454091813521,-72.77068783327559,30666595
463,1433,4,F184,14.6219939908783,7.670279451579078,-44.34616690290036,62016.4955,,,False,,,706.9940044030773,-285.0090496830303,30666595
464,31864,16,F184,14.621993991046292,7.6365375137157425,-44.36293762346019,62411.709,5.83853975,3261.23202,True,5.8589345548187275,3200.532031659859,1.1980009692336928,-7.1076908249397475,30666595
465,29538,4,F184,14.6219939908783,7.670279451579078,-44.34616690290036,62381.495,6.81313911,1329.05194,True,6.607057191261507,1606.841809825302,1.2580607064502816,2.8254735671501328,30666595
466,29923,12,F184,14.62199399055932,7.669709619072444,-44.307280191863306,62386.495,6.63536721,1565.49149,True,6.62340483396039,1582.829246987725,1.1958537913914424,0.8940615212097539,30666595
467,29928,10,F184,14.621993990678913,7.714553555709741,-44.282240494982155,62386.563,6.63285987,1569.11093,True,6.426291865417216,1897.9259061415203,1.125331228744239,-1.2720160812076784,30666595
468,30313,17,F184,14.62199399075655,7.6063679304169405,-44.31138779186999,62391.563,6.39167673,1959.41714,True,6.228163881463892,2277.8779331848677,1.1724099957538903,3.306166444111755,30666595
469,30699,3,F184,14.62199399089358,7.652320235601367,-44.361328191050426,62396.574,6.26995737,2191.86927,True,6.261933049092066,2208.1205541288023,1.2336936049082625,8.067057839497531,30666595
470,31089,11,F184,14.621993990805406,7.664851643468014,-44.34138809520605,62401.642,6.11870362,2519.51037,True,6.066361643643418,2643.9384612088543,1.2048665707867783,1.9495176393328137,30666595
471,31094,4,F184,14.621993990770479,7.708679644403191,-44.305634801465715,62401.709,6.11915621,2518.46031,True,5.934690115163027,2984.832425165446,1.174911304538068,1.7552623390169655,30666595
472,31479,10,F184,14.621993990867228,7.6642454484296465,-44.34222065043296,62406.709,6.09721569,2569.87098,True,6.13603510105154,2479.6018949795875,1.285659321627002,4.77308524537322,30666595
473,31869,10,F184,14.621993990588722,7.782644329211962,-44.255820137615224,62411.776,5.82980072,3287.58741,True,5.892006595106558,3104.5121363594826,1.2491988262609068,-7.923012325393848,30666595
